{"cameraMode":{"drawMode":0,"name":"Shaded","section":"Shading Mode"},"sceneLighting":true,"audioPlay":false,"sceneViewState":{"showFog":false,"showMaterialUpdate":false,"showSkybox":false,"showFlares":false,"showImageEffects":false,"showParticleSystems":false},"in2DMode":false,"pivot":{"x":1.41339111328125,"y":0.626953125,"z":3.12060546875},"rotation":{"x":-0.0005427024443633854,"y":0.9321568608283997,"z":-0.36208587884902956,"w":-0.00139869365375489},"size":3.5812795162200929,"orthographic":true}