{"cameraMode":{"drawMode":0,"name":"Shaded","section":"Shading Mode"},"sceneLighting":true,"audioPlay":false,"sceneViewState":{"showFog":false,"showMaterialUpdate":false,"showSkybox":false,"showFlares":false,"showImageEffects":false,"showParticleSystems":false},"in2DMode":false,"pivot":{"x":2.7216796875,"y":-0.166015625,"z":3.54998779296875},"rotation":{"x":0.001844703103415668,"y":-0.7058415412902832,"z":0.7088475227355957,"w":0.007492594886571169},"size":6.1029815673828129,"orthographic":true}