{"cameraMode":{"drawMode":0,"name":"Shaded","section":"Shading Mode"},"sceneLighting":false,"audioPlay":false,"sceneViewState":{"showFog":true,"showMaterialUpdate":false,"showSkybox":false,"showFlares":true,"showImageEffects":true,"showParticleSystems":true},"in2DMode":false,"pivot":{"x":0.084515780210495,"y":-0.2978702187538147,"z":-0.03018062375485897},"rotation":{"x":0.5002678036689758,"y":-0.4996655583381653,"z":0.49430394172668459,"w":0.5057021379470825},"size":0.7726342082023621,"orthographic":false}