{"cameraMode":{"drawMode":0,"name":"Shaded","section":"Shading Mode"},"sceneLighting":false,"audioPlay":false,"sceneViewState":{"showFog":true,"showMaterialUpdate":false,"showSkybox":false,"showFlares":true,"showImageEffects":true,"showParticleSystems":true},"in2DMode":false,"pivot":{"x":-0.04064096510410309,"y":-0.2835651636123657,"z":-4.071866035461426},"rotation":{"x":0.4993920624256134,"y":0.002599166240543127,"z":-0.001498364144936204,"w":0.8663727641105652},"size":1.2322993278503419,"orthographic":false}