{"cameraMode":{"drawMode":0,"name":"Shaded","section":"Shading Mode"},"sceneLighting":false,"audioPlay":false,"sceneViewState":{"showFog":false,"showMaterialUpdate":false,"showSkybox":false,"showFlares":false,"showImageEffects":false,"showParticleSystems":false},"in2DMode":false,"pivot":{"x":1.3555999994277955,"y":0.36000001430511477,"z":3.7822000980377199},"rotation":{"x":-0.020257413387298585,"y":0.7138199806213379,"z":-0.6999250650405884,"w":-0.023908128961920739},"size":22.0,"orthographic":true}