{"cameraMode":{"drawMode":0,"name":"Shaded","section":"Shading Mode"},"sceneLighting":false,"audioPlay":false,"sceneViewState":{"showFog":true,"showMaterialUpdate":false,"showSkybox":false,"showFlares":true,"showImageEffects":true,"showParticleSystems":true},"in2DMode":false,"pivot":{"x":0.589374303817749,"y":-0.5134146213531494,"z":-0.24675536155700684},"rotation":{"x":0.65480637550354,"y":0.010199387557804585,"z":-0.008843990042805672,"w":0.7556856274604797},"size":2.3334531784057619,"orthographic":false}