{"cameraMode":{"drawMode":0,"name":"Shaded","section":"Shading Mode"},"sceneLighting":true,"audioPlay":false,"sceneViewState":{"showFog":false,"showMaterialUpdate":false,"showSkybox":false,"showFlares":false,"showImageEffects":false,"showParticleSystems":false},"in2DMode":false,"pivot":{"x":2.2725143432617189,"y":1.1910400390625,"z":3.3333740234375},"rotation":{"x":0.0024950155057013036,"y":-0.9375115036964417,"z":0.3480709493160248,"w":0.006540047004818916},"size":1.3360925912857056,"orthographic":true}