{"cameraMode":{"drawMode":0,"name":"Shaded","section":"Shading Mode"},"sceneLighting":false,"audioPlay":false,"sceneViewState":{"showFog":false,"showMaterialUpdate":false,"showSkybox":false,"showFlares":false,"showImageEffects":false,"showParticleSystems":false},"in2DMode":false,"pivot":{"x":1.3569999933242798,"y":0.36000001430511477,"z":3.9946999549865724},"rotation":{"x":0.002810595091432333,"y":0.6808571815490723,"z":-0.7326133847236633,"w":0.0018053672974929214},"size":22.0,"orthographic":true}