{"cameraMode":{"drawMode":0,"name":"Shaded","section":"Shading Mode"},"sceneLighting":false,"audioPlay":false,"sceneViewState":{"showFog":false,"showMaterialUpdate":false,"showSkybox":false,"showFlares":false,"showImageEffects":false,"showParticleSystems":false},"in2DMode":false,"pivot":{"x":1.3034000396728516,"y":0.36000001430511477,"z":3.8578999042510988},"rotation":{"x":0.001632699160836637,"y":0.6918111443519592,"z":-0.7223619222640991,"w":-0.0013396249851211906},"size":22.0,"orthographic":true}