{"cameraMode":{"drawMode":0,"name":"Shaded","section":"Shading Mode"},"sceneLighting":true,"audioPlay":false,"sceneViewState":{"showFog":false,"showMaterialUpdate":false,"showSkybox":false,"showFlares":false,"showImageEffects":false,"showParticleSystems":false},"in2DMode":false,"pivot":{"x":1.22113037109375,"y":0.38037109375,"z":3.373046875},"rotation":{"x":0.0006516085704788566,"y":0.9697725176811218,"z":-0.2450837641954422,"w":-0.012229746207594872},"size":1.5553213357925416,"orthographic":true}