{"cameraMode":{"drawMode":0,"name":"Shaded","section":"Shading Mode"},"sceneLighting":false,"audioPlay":false,"sceneViewState":{"showFog":true,"showMaterialUpdate":false,"showSkybox":false,"showFlares":true,"showImageEffects":true,"showParticleSystems":true},"in2DMode":false,"pivot":{"x":0.1705644428730011,"y":0.7504128813743591,"z":1.5634241104125977},"rotation":{"x":0.07043943554162979,"y":-0.00956851989030838,"z":-0.0006780855474062264,"w":-0.9974811673164368},"size":4.385570049285889,"orthographic":false}