{"cameraMode":{"drawMode":0,"name":"Shaded","section":"Shading Mode"},"sceneLighting":false,"audioPlay":false,"sceneViewState":{"showFog":true,"showMaterialUpdate":false,"showSkybox":false,"showFlares":true,"showImageEffects":true,"showParticleSystems":true},"in2DMode":false,"pivot":{"x":1.3825154304504395,"y":2.903374195098877,"z":-2.386137008666992},"rotation":{"x":0.3460894823074341,"y":-8.503623689648521e-7,"z":-0.0000017797246982809157,"w":0.9382076263427734},"size":22.0,"orthographic":false}