{"cameraMode":{"drawMode":0,"name":"Shaded","section":"Shading Mode"},"sceneLighting":true,"audioPlay":false,"sceneViewState":{"showFog":false,"showMaterialUpdate":false,"showSkybox":false,"showFlares":false,"showImageEffects":false,"showParticleSystems":false},"in2DMode":false,"pivot":{"x":1.1806964874267579,"y":0.2420654296875,"z":3.73388671875},"rotation":{"x":-0.000821227440610528,"y":0.8865517973899841,"z":-0.46327295899391177,"w":-0.009378256276249886},"size":0.974866509437561,"orthographic":true}