{"cameraMode":{"drawMode":0,"name":"Shaded","section":"Shading Mode"},"sceneLighting":false,"audioPlay":false,"sceneViewState":{"showFog":false,"showMaterialUpdate":false,"showSkybox":false,"showFlares":false,"showImageEffects":false,"showParticleSystems":false},"in2DMode":false,"pivot":{"x":1.3569999933242798,"y":0.36000001430511477,"z":4.0447001457214359},"rotation":{"x":0.00275232526473701,"y":0.687423586845398,"z":-0.7264575362205505,"w":0.0018727731658145786},"size":22.0,"orthographic":true}