{"cameraMode":{"drawMode":0,"name":"Shaded","section":"Shading Mode"},"sceneLighting":true,"audioPlay":false,"sceneViewState":{"showFog":false,"showMaterialUpdate":false,"showSkybox":false,"showFlares":false,"showImageEffects":false,"showParticleSystems":false},"in2DMode":false,"pivot":{"x":1.3438358306884766,"y":0.397705078125,"z":3.6695556640625},"rotation":{"x":-0.004765823483467102,"y":0.9363855123519898,"z":-0.3508519232273102,"w":-0.012969531118869782},"size":1.4342927932739258,"orthographic":true}