{"cameraMode":{"drawMode":0,"name":"Shaded","section":"Shading Mode"},"sceneLighting":true,"audioPlay":false,"sceneViewState":{"showFog":false,"showMaterialUpdate":false,"showSkybox":false,"showFlares":false,"showImageEffects":false,"showParticleSystems":false},"in2DMode":false,"pivot":{"x":1.407191276550293,"y":0.25244140625,"z":3.5823974609375},"rotation":{"x":0.013638108037412167,"y":-0.93934166431427,"z":0.34075742959976199,"w":0.037513673305511478},"size":1.8025708198547364,"orthographic":true}