{"cameraMode":{"drawMode":0,"name":"Shaded","section":"Shading Mode"},"sceneLighting":false,"audioPlay":false,"sceneViewState":{"showFog":true,"showMaterialUpdate":false,"showSkybox":false,"showFlares":true,"showImageEffects":true,"showParticleSystems":true},"in2DMode":false,"pivot":{"x":0.009515793062746525,"y":-0.025962531566619874,"z":0.026300471276044847},"rotation":{"x":0.6844789981842041,"y":-0.0032806075178086759,"z":0.003080173395574093,"w":0.7290195226669312},"size":0.3045573830604553,"orthographic":false}