{"cameraMode":{"drawMode":0,"name":"Shaded","section":"Shading Mode"},"sceneLighting":false,"audioPlay":false,"sceneViewState":{"showFog":false,"showMaterialUpdate":false,"showSkybox":false,"showFlares":false,"showImageEffects":false,"showParticleSystems":false},"in2DMode":false,"pivot":{"x":1.3569999933242798,"y":0.36000001430511477,"z":3.944700002670288},"rotation":{"x":-0.0015110006788745523,"y":0.7099626064300537,"z":-0.7044517397880554,"w":-0.002323814434930682},"size":22.0,"orthographic":true}