{"cameraMode":{"drawMode":0,"name":"Shaded","section":"Shading Mode"},"sceneLighting":false,"audioPlay":false,"sceneViewState":{"showFog":false,"showMaterialUpdate":false,"showSkybox":false,"showFlares":false,"showImageEffects":false,"showParticleSystems":false},"in2DMode":false,"pivot":{"x":2.203000068664551,"y":1.899999976158142,"z":6.510000228881836},"rotation":{"x":-0.00010894781007664278,"y":0.7361799478530884,"z":-0.676798403263092,"w":-0.000127706429339014},"size":35.7027702331543,"orthographic":false}