{"cameraMode":{"drawMode":0,"name":"Shaded","section":"Shading Mode"},"sceneLighting":false,"audioPlay":false,"sceneViewState":{"showFog":true,"showMaterialUpdate":false,"showSkybox":false,"showFlares":true,"showImageEffects":true,"showParticleSystems":true},"in2DMode":false,"pivot":{"x":0.018568012863397599,"y":-0.14154624938964845,"z":0.13010109961032868},"rotation":{"x":0.6974970698356628,"y":-2.2985206626913169e-8,"z":-1.6506977118524447e-8,"w":0.7165881395339966},"size":0.6691415309906006,"orthographic":false}