{"cameraMode":{"drawMode":0,"name":"Shaded","section":"Shading Mode"},"sceneLighting":false,"audioPlay":false,"sceneViewState":{"showFog":true,"showMaterialUpdate":false,"showSkybox":false,"showFlares":true,"showImageEffects":true,"showParticleSystems":true},"in2DMode":false,"pivot":{"x":0.18091998994350434,"y":0.037042826414108279,"z":0.2062090039253235},"rotation":{"x":0.6811997294425964,"y":0.0010967476991936565,"z":-0.001022771350108087,"w":0.7321010231971741},"size":0.11667555570602417,"orthographic":false}