{"cameraMode":{"drawMode":0,"name":"Shaded","section":"Shading Mode"},"sceneLighting":true,"audioPlay":false,"sceneViewState":{"showFog":false,"showMaterialUpdate":false,"showSkybox":false,"showFlares":false,"showImageEffects":false,"showParticleSystems":false},"in2DMode":false,"pivot":{"x":0.93634033203125,"y":0.217529296875,"z":3.30126953125},"rotation":{"x":-0.02623366191983223,"y":0.8862594366073608,"z":-0.45970702171325686,"w":-0.050568826496601108},"size":2.450671672821045,"orthographic":true}