{"cameraMode":{"drawMode":0,"name":"Shaded","section":"Shading Mode"},"sceneLighting":false,"audioPlay":false,"sceneViewState":{"showFog":false,"showMaterialUpdate":false,"showSkybox":false,"showFlares":false,"showImageEffects":false,"showParticleSystems":false},"in2DMode":false,"pivot":{"x":1.4075000286102296,"y":0.36000001430511477,"z":4.0117998123168949},"rotation":{"x":-0.0015827476745471359,"y":0.7078683376312256,"z":-0.7066091299057007,"w":-0.0044146208092570309},"size":22.0,"orthographic":true}