{"cameraMode":{"drawMode":0,"name":"Shaded","section":"Shading Mode"},"sceneLighting":false,"audioPlay":false,"sceneViewState":{"showFog":false,"showMaterialUpdate":false,"showSkybox":false,"showFlares":false,"showImageEffects":false,"showParticleSystems":false},"in2DMode":false,"pivot":{"x":-0.05706596374511719,"y":0.5199999809265137,"z":-4.480000019073486},"rotation":{"x":0.0024694809690117838,"y":0.7035466432571411,"z":-0.7107610702514648,"w":0.002211559796705842},"size":0.6724308729171753,"orthographic":false}