{"cameraMode":{"drawMode":0,"name":"Shaded","section":"Shading Mode"},"sceneLighting":false,"audioPlay":false,"sceneViewState":{"showFog":false,"showMaterialUpdate":false,"showSkybox":false,"showFlares":false,"showImageEffects":false,"showParticleSystems":false},"in2DMode":false,"pivot":{"x":1.3569999933242798,"y":0.36000001430511477,"z":4.094699859619141},"rotation":{"x":0.0005961420829407871,"y":0.7046552896499634,"z":-0.7097510695457459,"w":-0.00018836349772755057},"size":22.0,"orthographic":true}