{"cameraMode":{"drawMode":0,"name":"Shaded","section":"Shading Mode"},"sceneLighting":true,"audioPlay":false,"sceneViewState":{"showFog":false,"showMaterialUpdate":false,"showSkybox":false,"showFlares":false,"showImageEffects":false,"showParticleSystems":false},"in2DMode":false,"pivot":{"x":1.303802490234375,"y":0.49346923828125,"z":4.7294921875},"rotation":{"x":0.014612031169235707,"y":0.9851619601249695,"z":-0.10980433970689774,"w":0.13109886646270753},"size":1.1423828601837159,"orthographic":true}