{"cameraMode":{"drawMode":0,"name":"Shaded","section":"Shading Mode"},"sceneLighting":false,"audioPlay":false,"sceneViewState":{"showFog":false,"showMaterialUpdate":false,"showSkybox":false,"showFlares":false,"showImageEffects":false,"showParticleSystems":false},"in2DMode":false,"pivot":{"x":1.3557000160217286,"y":0.36000001430511477,"z":3.8835999965667726},"rotation":{"x":-0.015409217216074467,"y":0.7001974582672119,"z":-0.713850200176239,"w":-0.01822575367987156},"size":22.0,"orthographic":true}