{"cameraMode":{"drawMode":0,"name":"Shaded","section":"Shading Mode"},"sceneLighting":true,"audioPlay":false,"sceneViewState":{"showFog":false,"showMaterialUpdate":false,"showSkybox":false,"showFlares":false,"showImageEffects":false,"showParticleSystems":false},"in2DMode":false,"pivot":{"x":1.94256591796875,"y":0.3447265625,"z":3.21240234375},"rotation":{"x":0.008771605789661408,"y":-0.8882690668106079,"z":0.45906001329421999,"w":0.01685824617743492},"size":2.7253715991973879,"orthographic":true}