{"cameraMode":{"drawMode":0,"name":"Shaded","section":"Shading Mode"},"sceneLighting":false,"audioPlay":false,"sceneViewState":{"showFog":false,"showMaterialUpdate":false,"showSkybox":false,"showFlares":false,"showImageEffects":false,"showParticleSystems":false},"in2DMode":false,"pivot":{"x":1.4201632738113404,"y":0.1513584852218628,"z":4.835729598999023},"rotation":{"x":-0.1041320189833641,"y":-0.03818928822875023,"z":0.004003398586064577,"w":-0.9938260316848755},"size":6.63257360458374,"orthographic":false}