{"cameraMode":{"drawMode":0,"name":"Shaded","section":"Shading Mode"},"sceneLighting":false,"audioPlay":false,"sceneViewState":{"showFog":false,"showMaterialUpdate":false,"showSkybox":false,"showFlares":false,"showImageEffects":false,"showParticleSystems":false},"in2DMode":false,"pivot":{"x":1.3569999933242798,"y":0.36000001430511477,"z":4.144697666168213},"rotation":{"x":0.0006069656810723245,"y":0.7675204873085022,"z":-0.6412438750267029,"w":-0.0001293287641601637},"size":22.0,"orthographic":true}