{"cameraMode":{"drawMode":0,"name":"Shaded","section":"Shading Mode"},"sceneLighting":true,"audioPlay":false,"sceneViewState":{"showFog":false,"showMaterialUpdate":false,"showSkybox":false,"showFlares":false,"showImageEffects":false,"showParticleSystems":false},"in2DMode":false,"pivot":{"x":1.3735084533691407,"y":0.796630859375,"z":0.91845703125},"rotation":{"x":-0.0026880616787821056,"y":-0.9112539291381836,"z":0.4118689000606537,"w":-0.006000603083521128},"size":2.7569127082824709,"orthographic":true}