{"cameraMode":{"drawMode":0,"name":"Shaded","section":"Shading Mode"},"sceneLighting":true,"audioPlay":false,"sceneViewState":{"showFog":false,"showMaterialUpdate":false,"showSkybox":false,"showFlares":false,"showImageEffects":false,"showParticleSystems":false},"in2DMode":false,"pivot":{"x":1.3309999704360963,"y":0.7279999852180481,"z":4.093999862670898},"rotation":{"x":0.05803172290325165,"y":0.8160393834114075,"z":-0.5705335140228272,"w":0.07678353786468506},"size":1.2818576097488404,"orthographic":true}