{"cameraMode":{"drawMode":0,"name":"Shaded","section":"Shading Mode"},"sceneLighting":false,"audioPlay":false,"sceneViewState":{"showFog":true,"showMaterialUpdate":false,"showSkybox":false,"showFlares":true,"showImageEffects":true,"showParticleSystems":true},"in2DMode":false,"pivot":{"x":0.05001272261142731,"y":-0.5313951373100281,"z":0.06505277752876282},"rotation":{"x":0.6877630352973938,"y":0.0010881482157856227,"z":-0.0010324305621907116,"w":0.7259413599967957},"size":0.9755002856254578,"orthographic":false}