{"cameraMode":{"drawMode":0,"name":"Shaded","section":"Shading Mode"},"sceneLighting":false,"audioPlay":false,"sceneViewState":{"showFog":false,"showMaterialUpdate":false,"showSkybox":false,"showFlares":false,"showImageEffects":false,"showParticleSystems":false},"in2DMode":false,"pivot":{"x":1.3076000213623047,"y":0.36000001430511477,"z":3.9349000453948976},"rotation":{"x":0.001632699160836637,"y":0.6918111443519592,"z":-0.7223619222640991,"w":-0.0013396249851211906},"size":22.0,"orthographic":true}