{"cameraMode":{"drawMode":0,"name":"Shaded","section":"Shading Mode"},"sceneLighting":false,"audioPlay":false,"sceneViewState":{"showFog":false,"showMaterialUpdate":false,"showSkybox":false,"showFlares":false,"showImageEffects":false,"showParticleSystems":false},"in2DMode":false,"pivot":{"x":1.3530000448226929,"y":0.824999988079071,"z":4.177999973297119},"rotation":{"x":-0.05247611179947853,"y":0.0039006697479635479,"z":-0.00021084460604470223,"w":-0.9986245036125183},"size":22.0,"orthographic":false}