{"cameraMode":{"drawMode":0,"name":"Shaded","section":"Shading Mode"},"sceneLighting":false,"audioPlay":false,"sceneViewState":{"showFog":true,"showMaterialUpdate":false,"showSkybox":false,"showFlares":true,"showImageEffects":true,"showParticleSystems":true},"in2DMode":false,"pivot":{"x":-0.2485923320055008,"y":4.818966865539551,"z":-0.6122112274169922},"rotation":{"x":-0.06295822560787201,"y":-0.0035946094430983068,"z":-0.00022698147222399712,"w":0.9980148673057556},"size":22.0,"orthographic":false}