{"cameraMode":{"drawMode":0,"name":"Shaded","section":"Shading Mode"},"sceneLighting":false,"audioPlay":false,"sceneViewState":{"showFog":false,"showMaterialUpdate":false,"showSkybox":false,"showFlares":false,"showImageEffects":false,"showParticleSystems":false},"in2DMode":false,"pivot":{"x":1.3569999933242798,"y":0.36000001430511477,"z":3.8447000980377199},"rotation":{"x":-0.0015245955437421799,"y":0.7131239771842957,"z":-0.7012487649917603,"w":-0.0023084182757884266},"size":22.0,"orthographic":true}