{"cameraMode":{"drawMode":0,"name":"Shaded","section":"Shading Mode"},"sceneLighting":true,"audioPlay":false,"sceneViewState":{"showFog":false,"showMaterialUpdate":false,"showSkybox":false,"showFlares":false,"showImageEffects":false,"showParticleSystems":false},"in2DMode":false,"pivot":{"x":1.3113460540771485,"y":0.529541015625,"z":3.7337646484375},"rotation":{"x":0.013087407685816288,"y":-0.7387137413024902,"z":0.6738314032554627,"w":0.014512168243527413},"size":1.394161343574524,"orthographic":true}