{"cameraMode":{"drawMode":0,"name":"Shaded","section":"Shading Mode"},"sceneLighting":false,"audioPlay":false,"sceneViewState":{"showFog":false,"showMaterialUpdate":false,"showSkybox":false,"showFlares":false,"showImageEffects":false,"showParticleSystems":false},"in2DMode":false,"pivot":{"x":531.4747924804688,"y":384.0,"z":1.7650001049041749},"rotation":{"x":-0.008780843578279019,"y":0.9054144024848938,"z":-0.42404133081436159,"w":-0.018747884780168535},"size":2169.28076171875,"orthographic":true}