{"cameraMode":{"drawMode":0,"name":"Shaded","section":"Shading Mode"},"sceneLighting":false,"audioPlay":false,"sceneViewState":{"showFog":true,"showMaterialUpdate":false,"showSkybox":false,"showFlares":true,"showImageEffects":true,"showParticleSystems":true},"in2DMode":false,"pivot":{"x":0.038884684443473819,"y":-1.4084473848342896,"z":0.16369813680648805},"rotation":{"x":0.6536273956298828,"y":0.013618558645248413,"z":-0.011769146658480168,"w":0.7566159963607788},"size":1.8874094486236573,"orthographic":false}