{"cameraMode":{"drawMode":0,"name":"Shaded","section":"Shading Mode"},"sceneLighting":true,"audioPlay":false,"sceneViewState":{"showFog":false,"showMaterialUpdate":false,"showSkybox":false,"showFlares":false,"showImageEffects":false,"showParticleSystems":false},"in2DMode":false,"pivot":{"x":1.44097900390625,"y":0.6302165985107422,"z":3.9072265625},"rotation":{"x":0.0067131007090210918,"y":0.968852698802948,"z":-0.247861847281456,"w":0.017103631049394609},"size":1.5570557117462159,"orthographic":true}