{"cameraMode":{"drawMode":0,"name":"Shaded","section":"Shading Mode"},"sceneLighting":false,"audioPlay":false,"sceneViewState":{"showFog":false,"showMaterialUpdate":false,"showSkybox":false,"showFlares":false,"showImageEffects":false,"showParticleSystems":false},"in2DMode":false,"pivot":{"x":1.3569999933242798,"y":0.36000001430511477,"z":4.144700050354004},"rotation":{"x":0.004066638648509979,"y":-0.6754988431930542,"z":0.7373892664909363,"w":0.0037572302389889957},"size":22.0,"orthographic":true}