{"cameraMode":{"drawMode":0,"name":"Shaded","section":"Shading Mode"},"sceneLighting":true,"audioPlay":false,"sceneViewState":{"showFog":false,"showMaterialUpdate":false,"showSkybox":false,"showFlares":false,"showImageEffects":false,"showParticleSystems":false},"in2DMode":false,"pivot":{"x":1.3005218505859376,"y":0.74951171875,"z":3.758544921875},"rotation":{"x":0.0060565355233848099,"y":-0.8763920664787293,"z":0.4816218614578247,"w":0.01087458711117506},"size":1.7160015106201172,"orthographic":true}