{"cameraMode":{"drawMode":0,"name":"Shaded","section":"Shading Mode"},"sceneLighting":false,"audioPlay":false,"sceneViewState":{"showFog":false,"showMaterialUpdate":false,"showSkybox":false,"showFlares":false,"showImageEffects":false,"showParticleSystems":false},"in2DMode":false,"pivot":{"x":1.2862977981567383,"y":2.5705177783966066,"z":0.32027435302734377},"rotation":{"x":-0.08299330621957779,"y":0.08568748086690903,"z":-0.0071610393933951859,"w":-0.9928374886512756},"size":12.336240768432618,"orthographic":false}