{"cameraMode":{"drawMode":0,"name":"Shaded","section":"Shading Mode"},"sceneLighting":false,"audioPlay":false,"sceneViewState":{"showFog":true,"showMaterialUpdate":false,"showSkybox":false,"showFlares":true,"showImageEffects":true,"showParticleSystems":true},"in2DMode":false,"pivot":{"x":0.9934611320495606,"y":-0.1748046875,"z":3.8814315795898439},"rotation":{"x":0.7416309714317322,"y":-0.0020128032192587854,"z":0.002224520780146122,"w":0.6708069443702698},"size":0.31837883591651919,"orthographic":true}