{"cameraMode":{"drawMode":0,"name":"Shaded","section":"Shading Mode"},"sceneLighting":false,"audioPlay":false,"sceneViewState":{"showFog":false,"showMaterialUpdate":false,"showSkybox":false,"showFlares":false,"showImageEffects":false,"showParticleSystems":false},"in2DMode":false,"pivot":{"x":1.242369532585144,"y":-0.3478703498840332,"z":2.495119333267212},"rotation":{"x":0.007117637433111668,"y":-0.9238385558128357,"z":0.3823408782482147,"w":0.017196083441376687},"size":4.779557228088379,"orthographic":false}