{"cameraMode":{"drawMode":0,"name":"Shaded","section":"Shading Mode"},"sceneLighting":true,"audioPlay":false,"sceneViewState":{"showFog":false,"showMaterialUpdate":false,"showSkybox":false,"showFlares":false,"showImageEffects":false,"showParticleSystems":false},"in2DMode":false,"pivot":{"x":1.430084228515625,"y":0.323974609375,"z":2.2890625},"rotation":{"x":-0.003462707158178091,"y":-0.9785213470458984,"z":0.20637911558151246,"w":-0.013954841531813145},"size":3.2302229404449465,"orthographic":true}