{"cameraMode":{"drawMode":0,"name":"Shaded","section":"Shading Mode"},"sceneLighting":false,"audioPlay":false,"sceneViewState":{"showFog":false,"showMaterialUpdate":false,"showSkybox":false,"showFlares":false,"showImageEffects":false,"showParticleSystems":false},"in2DMode":false,"pivot":{"x":1.3569999933242798,"y":0.36000001430511477,"z":3.894700050354004},"rotation":{"x":0.006007816176861525,"y":0.6895803809165955,"z":-0.7243685126304627,"w":0.004987715277820826},"size":22.0,"orthographic":false}