{"cameraMode":{"drawMode":0,"name":"Shaded","section":"Shading Mode"},"sceneLighting":false,"audioPlay":false,"sceneViewState":{"showFog":true,"showMaterialUpdate":false,"showSkybox":false,"showFlares":true,"showImageEffects":true,"showParticleSystems":true},"in2DMode":false,"pivot":{"x":0.008862990885972977,"y":-0.9604469537734985,"z":0.27173665165901186},"rotation":{"x":0.629002034664154,"y":-0.013991136103868485,"z":0.01132314745336771,"w":0.7771969437599182},"size":1.4880709648132325,"orthographic":false}