{"cameraMode":{"drawMode":0,"name":"Shaded","section":"Shading Mode"},"sceneLighting":false,"audioPlay":false,"sceneViewState":{"showFog":false,"showMaterialUpdate":false,"showSkybox":false,"showFlares":false,"showImageEffects":false,"showParticleSystems":false},"in2DMode":false,"pivot":{"x":0.12304939329624176,"y":0.0454426072537899,"z":0.00328826904296875},"rotation":{"x":0.7192929983139038,"y":0.0035430975258350374,"z":0.0012508694780990482,"w":0.6950953006744385},"size":0.6691415309906006,"orthographic":true}