{"cameraMode":{"drawMode":0,"name":"Shaded","section":"Shading Mode"},"sceneLighting":true,"audioPlay":false,"sceneViewState":{"showFog":false,"showMaterialUpdate":false,"showSkybox":false,"showFlares":false,"showImageEffects":false,"showParticleSystems":false},"in2DMode":false,"pivot":{"x":1.3714243173599244,"y":0.419816255569458,"z":3.3526196479797365},"rotation":{"x":0.001664343406446278,"y":0.982711911201477,"z":-0.18492190539836884,"w":0.00884464755654335},"size":1.0207016468048096,"orthographic":true}