{"cameraMode":{"drawMode":0,"name":"Shaded","section":"Shading Mode"},"sceneLighting":true,"audioPlay":false,"sceneViewState":{"showFog":false,"showMaterialUpdate":false,"showSkybox":false,"showFlares":false,"showImageEffects":false,"showParticleSystems":false},"in2DMode":false,"pivot":{"x":1.3294754028320313,"y":0.5296630859375,"z":3.8448486328125},"rotation":{"x":0.0024950155057013036,"y":-0.9375115036964417,"z":0.3480709493160248,"w":0.006540047004818916},"size":1.1708134412765504,"orthographic":true}