{"cameraMode":{"drawMode":0,"name":"Shaded","section":"Shading Mode"},"sceneLighting":true,"audioPlay":false,"sceneViewState":{"showFog":false,"showMaterialUpdate":false,"showSkybox":false,"showFlares":false,"showImageEffects":false,"showParticleSystems":false},"in2DMode":false,"pivot":{"x":1.2195587158203126,"y":0.525634765625,"z":3.7958984375},"rotation":{"x":-0.003234945237636566,"y":-0.9743687510490418,"z":0.22543257474899293,"w":-0.01092531718313694},"size":3.2150914669036867,"orthographic":true}