{"cameraMode":{"drawMode":0,"name":"Shaded","section":"Shading Mode"},"sceneLighting":true,"audioPlay":false,"sceneViewState":{"showFog":false,"showMaterialUpdate":false,"showSkybox":false,"showFlares":false,"showImageEffects":false,"showParticleSystems":false},"in2DMode":false,"pivot":{"x":1.8565826416015626,"y":0.5927734375,"z":2.6763916015625},"rotation":{"x":0.0170640517026186,"y":0.8685429692268372,"z":-0.49441540241241457,"w":0.029976585879921914},"size":3.246499538421631,"orthographic":true}