{"cameraMode":{"drawMode":0,"name":"Shaded","section":"Shading Mode"},"sceneLighting":true,"audioPlay":false,"sceneViewState":{"showFog":false,"showMaterialUpdate":false,"showSkybox":false,"showFlares":false,"showImageEffects":false,"showParticleSystems":false},"in2DMode":false,"pivot":{"x":1.41339111328125,"y":0.626953125,"z":3.12060546875},"rotation":{"x":0.002420204458758235,"y":0.9465126991271973,"z":-0.32261893153190615,"w":0.007098534144461155},"size":3.910846710205078,"orthographic":true}