{"cameraMode":{"drawMode":0,"name":"Shaded","section":"Shading Mode"},"sceneLighting":true,"audioPlay":false,"sceneViewState":{"showFog":false,"showMaterialUpdate":false,"showSkybox":false,"showFlares":false,"showImageEffects":false,"showParticleSystems":false},"in2DMode":false,"pivot":{"x":1.3749324083328248,"y":0.41898977756500246,"z":3.3492484092712404},"rotation":{"x":-0.00016821354802232236,"y":0.9936790466308594,"z":-0.11226341873407364,"w":-0.0014904366107657552},"size":1.0258220434188843,"orthographic":true}