{"cameraMode":{"drawMode":0,"name":"Shaded","section":"Shading Mode"},"sceneLighting":false,"audioPlay":false,"sceneViewState":{"showFog":false,"showMaterialUpdate":false,"showSkybox":false,"showFlares":false,"showImageEffects":false,"showParticleSystems":false},"in2DMode":false,"pivot":{"x":0.9736605286598206,"y":-1.7208318710327149,"z":3.962806463241577},"rotation":{"x":0.0024694809690117838,"y":0.7035466432571411,"z":-0.7107610702514648,"w":0.002211559796705842},"size":2.380216598510742,"orthographic":false}