{"cameraMode":{"drawMode":0,"name":"Shaded","section":"Shading Mode"},"sceneLighting":false,"audioPlay":false,"sceneViewState":{"showFog":false,"showMaterialUpdate":false,"showSkybox":false,"showFlares":false,"showImageEffects":false,"showParticleSystems":false},"in2DMode":false,"pivot":{"x":1.3562999963760377,"y":0.36000001430511477,"z":3.730799913406372},"rotation":{"x":0.18018585443496705,"y":0.6804634928703308,"z":-0.6887295842170715,"w":0.17486321926116944},"size":22.0,"orthographic":true}