{"cameraMode":{"drawMode":0,"name":"Shaded","section":"Shading Mode"},"sceneLighting":true,"audioPlay":false,"sceneViewState":{"showFog":false,"showMaterialUpdate":false,"showSkybox":false,"showFlares":false,"showImageEffects":false,"showParticleSystems":false},"in2DMode":false,"pivot":{"x":1.8818588256835938,"y":0.7275390625,"z":3.44287109375},"rotation":{"x":-0.0034635148476809265,"y":0.9303839206695557,"z":-0.36655446887016299,"w":-0.008787231519818306},"size":2.9329702854156496,"orthographic":true}