{"cameraMode":{"drawMode":0,"name":"Shaded","section":"Shading Mode"},"sceneLighting":false,"audioPlay":false,"sceneViewState":{"showFog":false,"showMaterialUpdate":false,"showSkybox":false,"showFlares":false,"showImageEffects":false,"showParticleSystems":false},"in2DMode":false,"pivot":{"x":1.3029999732971192,"y":0.36000001430511477,"z":4.0117998123168949},"rotation":{"x":-0.010222197510302067,"y":0.7518131136894226,"z":-0.6594369411468506,"w":-0.014635978266596794},"size":22.0,"orthographic":true}