{"cameraMode":{"drawMode":0,"name":"Shaded","section":"Shading Mode"},"sceneLighting":false,"audioPlay":false,"sceneViewState":{"showFog":false,"showMaterialUpdate":false,"showSkybox":false,"showFlares":false,"showImageEffects":false,"showParticleSystems":false},"in2DMode":false,"pivot":{"x":-0.019999980926513673,"y":0.5799999237060547,"z":-2.569999933242798},"rotation":{"x":-0.00035154621582478285,"y":-0.8115487098693848,"z":0.5842865705490112,"w":-0.0004883003421127796},"size":0.34231287240982058,"orthographic":true}