{"cameraMode":{"drawMode":0,"name":"Shaded","section":"Shading Mode"},"sceneLighting":false,"audioPlay":false,"sceneViewState":{"showFog":true,"showMaterialUpdate":false,"showSkybox":false,"showFlares":true,"showImageEffects":true,"showParticleSystems":true},"in2DMode":false,"pivot":{"x":0.9844651222229004,"y":0.83343505859375,"z":3.855712890625},"rotation":{"x":0.6694719195365906,"y":0.002227814868092537,"z":-0.002008910058066249,"w":0.7428344488143921},"size":0.27306461334228518,"orthographic":true}