{"cameraMode":{"drawMode":0,"name":"Shaded","section":"Shading Mode"},"sceneLighting":false,"audioPlay":false,"sceneViewState":{"showFog":true,"showMaterialUpdate":false,"showSkybox":false,"showFlares":true,"showImageEffects":true,"showParticleSystems":true},"in2DMode":false,"pivot":{"x":-0.19634392857551576,"y":-0.033806443214416507,"z":3.568418264389038},"rotation":{"x":-0.017998123541474344,"y":-0.009591453708708287,"z":0.00017192009545397013,"w":-0.9998044371604919},"size":5.751631259918213,"orthographic":false}