{"cameraMode":{"drawMode":0,"name":"Shaded","section":"Shading Mode"},"sceneLighting":false,"audioPlay":false,"sceneViewState":{"showFog":true,"showMaterialUpdate":false,"showSkybox":false,"showFlares":true,"showImageEffects":true,"showParticleSystems":true},"in2DMode":false,"pivot":{"x":0.7685383558273315,"y":0.7665748596191406,"z":-0.39173364639282229},"rotation":{"x":0.056937798857688907,"y":-0.03294090926647186,"z":0.0018740775994956494,"w":0.9978389143943787},"size":2.3334522247314455,"orthographic":false}