{"cameraMode":{"drawMode":0,"name":"Shaded","section":"Shading Mode"},"sceneLighting":true,"audioPlay":false,"sceneViewState":{"showFog":false,"showMaterialUpdate":false,"showSkybox":false,"showFlares":false,"showImageEffects":false,"showParticleSystems":false},"in2DMode":false,"pivot":{"x":1.261357307434082,"y":0.0498046875,"z":3.546875},"rotation":{"x":0.0012537847505882383,"y":0.9249107241630554,"z":-0.38018912076950076,"w":0.0030481498688459398},"size":1.704886794090271,"orthographic":true}