{"cameraMode":{"drawMode":0,"name":"Shaded","section":"Shading Mode"},"sceneLighting":false,"audioPlay":false,"sceneViewState":{"showFog":false,"showMaterialUpdate":false,"showSkybox":false,"showFlares":false,"showImageEffects":false,"showParticleSystems":false},"in2DMode":false,"pivot":{"x":0.7355332374572754,"y":0.823570728302002,"z":-3.30898380279541},"rotation":{"x":0.0073621380142867569,"y":0.9926538467407227,"z":-0.08597554266452789,"w":0.08491089940071106},"size":10.226136207580567,"orthographic":false}