{"cameraMode":{"drawMode":0,"name":"Shaded","section":"Shading Mode"},"sceneLighting":false,"audioPlay":false,"sceneViewState":{"showFog":false,"showMaterialUpdate":false,"showSkybox":false,"showFlares":false,"showImageEffects":false,"showParticleSystems":false},"in2DMode":false,"pivot":{"x":1.3569999933242798,"y":0.36000001430511477,"z":4.094699859619141},"rotation":{"x":-0.00039072937215678394,"y":0.8933405876159668,"z":-0.4498761296272278,"w":-0.006257959175854921},"size":22.0,"orthographic":true}