{"cameraMode":{"drawMode":0,"name":"Shaded","section":"Shading Mode"},"sceneLighting":false,"audioPlay":false,"sceneViewState":{"showFog":true,"showMaterialUpdate":false,"showSkybox":false,"showFlares":true,"showImageEffects":true,"showParticleSystems":true},"in2DMode":false,"pivot":{"x":0.21848496794700623,"y":-3.2863011360168459,"z":0.09196164458990097},"rotation":{"x":0.7039191722869873,"y":-3.6464630426280567e-8,"z":-1.7464927282162536e-8,"w":0.710282564163208},"size":3.850353479385376,"orthographic":false}