{"cameraMode":{"drawMode":0,"name":"Shaded","section":"Shading Mode"},"sceneLighting":false,"audioPlay":false,"sceneViewState":{"showFog":false,"showMaterialUpdate":false,"showSkybox":false,"showFlares":false,"showImageEffects":false,"showParticleSystems":false},"in2DMode":false,"pivot":{"x":1.4075000286102296,"y":0.36000001430511477,"z":3.8578999042510988},"rotation":{"x":0.0341101810336113,"y":0.6933425068855286,"z":-0.7194854021072388,"w":0.029790200293064119},"size":22.0,"orthographic":true}