{"cameraMode":{"drawMode":0,"name":"Shaded","section":"Shading Mode"},"sceneLighting":true,"audioPlay":false,"sceneViewState":{"showFog":false,"showMaterialUpdate":false,"showSkybox":false,"showFlares":false,"showImageEffects":false,"showParticleSystems":false},"in2DMode":false,"pivot":{"x":1.2167282104492188,"y":0.6259765625,"z":3.7216796875},"rotation":{"x":0.0014744328800588847,"y":-0.8211317658424377,"z":0.5708512663841248,"w":0.0020188014023005964},"size":1.5096948146820069,"orthographic":true}