{"cameraMode":{"drawMode":0,"name":"Shaded","section":"Shading Mode"},"sceneLighting":false,"audioPlay":false,"sceneViewState":{"showFog":false,"showMaterialUpdate":false,"showSkybox":false,"showFlares":false,"showImageEffects":false,"showParticleSystems":false},"in2DMode":false,"pivot":{"x":1.130838394165039,"y":0.1328015923500061,"z":5.867300510406494},"rotation":{"x":-0.08479616791009903,"y":-0.0023990669287741186,"z":0.00020494630734901875,"w":-0.9963980317115784},"size":22.0,"orthographic":false}