{"cameraMode":{"drawMode":0,"name":"Shaded","section":"Shading Mode"},"sceneLighting":true,"audioPlay":false,"sceneViewState":{"showFog":false,"showMaterialUpdate":false,"showSkybox":false,"showFlares":false,"showImageEffects":false,"showParticleSystems":false},"in2DMode":false,"pivot":{"x":2.710418701171875,"y":0.2568359375,"z":2.11376953125},"rotation":{"x":0.0014517736854031683,"y":-0.8948841094970703,"z":0.4465712010860443,"w":0.0033394864294677974},"size":3.35898756980896,"orthographic":true}