{"cameraMode":{"drawMode":0,"name":"Shaded","section":"Shading Mode"},"sceneLighting":false,"audioPlay":false,"sceneViewState":{"showFog":true,"showMaterialUpdate":false,"showSkybox":false,"showFlares":true,"showImageEffects":true,"showParticleSystems":true},"in2DMode":false,"pivot":{"x":0.027762506157159807,"y":-1.4233355522155762,"z":0.028820574283599855},"rotation":{"x":0.6805396676063538,"y":-0.003299314295873046,"z":0.0030599443707615139,"w":0.7327114939689636},"size":2.4874093532562258,"orthographic":false}