{"cameraMode":{"drawMode":0,"name":"Shaded","section":"Shading Mode"},"sceneLighting":false,"audioPlay":false,"sceneViewState":{"showFog":true,"showMaterialUpdate":false,"showSkybox":false,"showFlares":true,"showImageEffects":true,"showParticleSystems":true},"in2DMode":false,"pivot":{"x":-0.05706596374511719,"y":0.5199999809265137,"z":-4.480000019073486},"rotation":{"x":0.731487512588501,"y":0.0010227721650153399,"z":-0.0010972419986501337,"w":0.6818566918373108},"size":0.1793094426393509,"orthographic":true}