{"cameraMode":{"drawMode":0,"name":"Shaded","section":"Shading Mode"},"sceneLighting":false,"audioPlay":false,"sceneViewState":{"showFog":true,"showMaterialUpdate":false,"showSkybox":false,"showFlares":true,"showImageEffects":true,"showParticleSystems":true},"in2DMode":false,"pivot":{"x":1.26318359375,"y":0.7476348876953125,"z":4.0438079833984379},"rotation":{"x":-0.00023057902581058443,"y":-0.9995103478431702,"z":0.007496193051338196,"w":-0.03056851215660572},"size":0.428892582654953,"orthographic":true}