{"cameraMode":{"drawMode":0,"name":"Shaded","section":"Shading Mode"},"sceneLighting":true,"audioPlay":false,"sceneViewState":{"showFog":false,"showMaterialUpdate":false,"showSkybox":false,"showFlares":false,"showImageEffects":false,"showParticleSystems":false},"in2DMode":false,"pivot":{"x":1.7027435302734376,"y":0.52197265625,"z":1.4521484375},"rotation":{"x":0.002717789029702544,"y":-0.9821482300758362,"z":0.18786557018756867,"w":0.014794692397117615},"size":3.3680739402770998,"orthographic":true}