{"cameraMode":{"drawMode":0,"name":"Shaded","section":"Shading Mode"},"sceneLighting":true,"audioPlay":false,"sceneViewState":{"showFog":false,"showMaterialUpdate":false,"showSkybox":false,"showFlares":false,"showImageEffects":false,"showParticleSystems":false},"in2DMode":false,"pivot":{"x":1.59637451171875,"y":0.68896484375,"z":2.15087890625},"rotation":{"x":-0.00009477592539042234,"y":0.9823225736618042,"z":-0.18796885013580323,"w":-0.019531026482582094},"size":2.951127529144287,"orthographic":true}