{"cameraMode":{"drawMode":0,"name":"Shaded","section":"Shading Mode"},"sceneLighting":false,"audioPlay":false,"sceneViewState":{"showFog":true,"showMaterialUpdate":false,"showSkybox":false,"showFlares":true,"showImageEffects":true,"showParticleSystems":true},"in2DMode":false,"pivot":{"x":0.05975712463259697,"y":-0.8621259927749634,"z":0.02399688959121704},"rotation":{"x":0.7081636786460877,"y":-0.0021181167103350164,"z":0.0021245002280920746,"w":0.7060418128967285},"size":1.3166756629943848,"orthographic":false}