{"cameraMode":{"drawMode":0,"name":"Shaded","section":"Shading Mode"},"sceneLighting":true,"audioPlay":false,"sceneViewState":{"showFog":false,"showMaterialUpdate":false,"showSkybox":false,"showFlares":false,"showImageEffects":false,"showParticleSystems":false},"in2DMode":false,"pivot":{"x":1.132110595703125,"y":0.81591796875,"z":4.13531494140625},"rotation":{"x":-0.06401722133159638,"y":-0.8699544668197632,"z":0.4746963083744049,"w":-0.1173478439450264},"size":1.824727177619934,"orthographic":true}