{"cameraMode":{"drawMode":0,"name":"Shaded","section":"Shading Mode"},"sceneLighting":true,"audioPlay":false,"sceneViewState":{"showFog":false,"showMaterialUpdate":false,"showSkybox":false,"showFlares":false,"showImageEffects":false,"showParticleSystems":false},"in2DMode":false,"pivot":{"x":2.0847015380859377,"y":1.3756103515625,"z":3.416015625},"rotation":{"x":-0.00010838062007678673,"y":-0.9835633039474487,"z":0.18138904869556428,"w":0.002188810147345066},"size":3.39933443069458,"orthographic":true}