{"cameraMode":{"drawMode":0,"name":"Shaded","section":"Shading Mode"},"sceneLighting":false,"audioPlay":false,"sceneViewState":{"showFog":false,"showMaterialUpdate":false,"showSkybox":false,"showFlares":false,"showImageEffects":false,"showParticleSystems":false},"in2DMode":false,"pivot":{"x":1.3524999618530274,"y":0.36000001430511477,"z":3.8461999893188478},"rotation":{"x":-0.01032183039933443,"y":0.9188851714134216,"z":-0.39395326375961306,"w":-0.026276370510458947},"size":22.0,"orthographic":true}