{"cameraMode":{"drawMode":0,"name":"Shaded","section":"Shading Mode"},"sceneLighting":false,"audioPlay":false,"sceneViewState":{"showFog":true,"showMaterialUpdate":false,"showSkybox":false,"showFlares":true,"showImageEffects":true,"showParticleSystems":true},"in2DMode":false,"pivot":{"x":0.06457614153623581,"y":-1.7741925716400147,"z":0.4147522449493408},"rotation":{"x":0.6267681121826172,"y":0.0035050215665251018,"z":-0.002822001464664936,"w":0.7792040109634399},"size":2.6664390563964845,"orthographic":false}