{"cameraMode":{"drawMode":0,"name":"Shaded","section":"Shading Mode"},"sceneLighting":false,"audioPlay":false,"sceneViewState":{"showFog":true,"showMaterialUpdate":false,"showSkybox":false,"showFlares":true,"showImageEffects":true,"showParticleSystems":true},"in2DMode":false,"pivot":{"x":0.06635859608650208,"y":-0.0522347092628479,"z":-0.012012943625450135},"rotation":{"x":0.6267681121826172,"y":0.0035050215665251018,"z":-0.002822001464664936,"w":0.7792040109634399},"size":0.7166759371757507,"orthographic":false}