{"cameraMode":{"drawMode":0,"name":"Shaded","section":"Shading Mode"},"sceneLighting":true,"audioPlay":false,"sceneViewState":{"showFog":false,"showMaterialUpdate":false,"showSkybox":false,"showFlares":false,"showImageEffects":false,"showParticleSystems":false},"in2DMode":false,"pivot":{"x":1.8088397979736329,"y":1.50341796875,"z":2.533203125},"rotation":{"x":0.0001065583637682721,"y":0.9954003095626831,"z":-0.09616280347108841,"w":0.0010496501345187426},"size":4.073485851287842,"orthographic":true}