{"cameraMode":{"drawMode":0,"name":"Shaded","section":"Shading Mode"},"sceneLighting":false,"audioPlay":false,"sceneViewState":{"showFog":true,"showMaterialUpdate":false,"showSkybox":false,"showFlares":true,"showImageEffects":true,"showParticleSystems":true},"in2DMode":false,"pivot":{"x":0.049714356660842898,"y":-0.5316935181617737,"z":0.05920783430337906},"rotation":{"x":0.6899375915527344,"y":-0.0010865814983844758,"z":0.0010341258021071554,"w":0.7238749861717224},"size":0.9755002856254578,"orthographic":false}