{"cameraMode":{"drawMode":0,"name":"Shaded","section":"Shading Mode"},"sceneLighting":false,"audioPlay":false,"sceneViewState":{"showFog":false,"showMaterialUpdate":false,"showSkybox":false,"showFlares":false,"showImageEffects":false,"showParticleSystems":false},"in2DMode":false,"pivot":{"x":1.2761220932006837,"y":-0.23767900466918946,"z":1.9234883785247803},"rotation":{"x":-0.0010948705021291972,"y":0.9836776256561279,"z":-0.1799110323190689,"w":-0.006069542374461889},"size":2.164090156555176,"orthographic":false}