{"cameraMode":{"drawMode":0,"name":"Shaded","section":"Shading Mode"},"sceneLighting":true,"audioPlay":false,"sceneViewState":{"showFog":false,"showMaterialUpdate":false,"showSkybox":false,"showFlares":false,"showImageEffects":false,"showParticleSystems":false},"in2DMode":false,"pivot":{"x":2.092437744140625,"y":1.4805908203125,"z":1.5068359375},"rotation":{"x":-0.0030283804517239334,"y":-0.8435792326927185,"z":0.5371434688568115,"w":-0.004496216308325529},"size":4.59769868850708,"orthographic":true}