{"cameraMode":{"drawMode":0,"name":"Shaded","section":"Shading Mode"},"sceneLighting":false,"audioPlay":false,"sceneViewState":{"showFog":true,"showMaterialUpdate":false,"showSkybox":false,"showFlares":true,"showImageEffects":true,"showParticleSystems":true},"in2DMode":false,"pivot":{"x":0.15856540203094483,"y":-2.7883481979370119,"z":-3.236355781555176},"rotation":{"x":-0.004335343837738037,"y":-0.9444958567619324,"z":0.3282693326473236,"w":-0.012471264228224755},"size":11.893254280090332,"orthographic":false}