{"cameraMode":{"drawMode":0,"name":"Shaded","section":"Shading Mode"},"sceneLighting":false,"audioPlay":false,"sceneViewState":{"showFog":false,"showMaterialUpdate":false,"showSkybox":false,"showFlares":false,"showImageEffects":false,"showParticleSystems":false},"in2DMode":false,"pivot":{"x":1.3525320291519166,"y":0.48147547245025637,"z":4.626643657684326},"rotation":{"x":-0.0011613850947469473,"y":0.9817322492599487,"z":-0.19022877514362336,"w":-0.006056728772819042},"size":2.563544988632202,"orthographic":false}