{"cameraMode":{"drawMode":0,"name":"Shaded","section":"Shading Mode"},"sceneLighting":false,"audioPlay":false,"sceneViewState":{"showFog":true,"showMaterialUpdate":false,"showSkybox":false,"showFlares":true,"showImageEffects":true,"showParticleSystems":true},"in2DMode":false,"pivot":{"x":0.1796700358390808,"y":-0.39791393280029299,"z":-0.29976367950439455},"rotation":{"x":0.5664361715316773,"y":0.021009210497140886,"z":-0.014447254128754139,"w":0.8237117528915405},"size":5.8416595458984379,"orthographic":false}