{"cameraMode":{"drawMode":0,"name":"Shaded","section":"Shading Mode"},"sceneLighting":false,"audioPlay":false,"sceneViewState":{"showFog":true,"showMaterialUpdate":false,"showSkybox":false,"showFlares":true,"showImageEffects":true,"showParticleSystems":true},"in2DMode":false,"pivot":{"x":0.04998645558953285,"y":-0.5327779650688171,"z":0.003622010350227356},"rotation":{"x":0.7102662324905396,"y":-0.005280157085508108,"z":0.005326326470822096,"w":0.7039014101028442},"size":0.9755002856254578,"orthographic":false}