{"cameraMode":{"drawMode":0,"name":"Shaded","section":"Shading Mode"},"sceneLighting":false,"audioPlay":false,"sceneViewState":{"showFog":false,"showMaterialUpdate":false,"showSkybox":false,"showFlares":false,"showImageEffects":false,"showParticleSystems":false},"in2DMode":false,"pivot":{"x":1.3557000160217286,"y":0.36000001430511477,"z":4.036300182342529},"rotation":{"x":-0.0014795418828725815,"y":0.6993394494056702,"z":-0.7150552272796631,"w":-0.0045548733323812489},"size":22.0,"orthographic":true}